{
  "AssetLib": 225.046999931335,
  "Editor": 270.118999958038,
  "External": 45.0720000267029
}